state_code,state_name,2023-04-27,2023-05-05,2024-04-25
SD01,Khartoum,4.0,7.0,18.0
SD02,North Darfur,6.0,8.0,4.0
SD03,South Darfur,2.0,6.0,1.0
SD04,West Darfur,1.0,2.0,14.0
SD05,East Darfur,16.0,16.0,3.0
SD06,Central Darfur,11.0,12.0,8.0
SD07,South Kordofan,15.0,17.0,13.0
SD08,Blue Nile,13.0,13.0,17.0
SD09,White Nile,8.0,1.0,5.0
SD10,Red Sea,12.0,11.0,11.0
SD11,Kassala,14.0,14.0,12.0
SD12,Gedaref,17.0,15.0,7.0
SD13,North Kordofan,5.0,10.0,15.0
SD14,Sennar,9.0,9.0,6.0
SD15,Aj Jazirah,7.0,5.0,10.0
SD16,River Nile,10.0,4.0,2.0
SD17,Northern,3.0,3.0,9.0
SD18,West Kordofan,18.0,18.0,16.0
